<?xml version="1.0" encoding="UTF-8"?>
<jcr:root xmlns:sling="http://sling.apache.org/jcr/sling/1.0" xmlns:jcr="http://www.jcp.org/jcr/1.0" xmlns:nt="http://www.jcp.org/jcr/nt/1.0"
    jcr:primaryType="sling:OrderedFolder">
    <jcr:content
        jcr:primaryType="nt:unstructured"
        jcr:title="Tail Logos">
        <folderThumbnail/>
    </jcr:content>
    <FB.png/>
    <_x0039_W.png/>
    <B6.png/>
    <AZ.png/>
    <BT.png/>
    <UX.png/>
    <CT.png/>
    <LH.png/>
    <MH.png/>
    <A3.png/>
    <AA.png/>
    <TK.png/>
    <AC.png/>
    <XY.png/>
    <AF.png/>
    <YM.png/>
    <AB.png/>
    <AR.png/>
    <AT.png/>
    <BE.png/>
    <DEFAULT.png/>
    <AV.png/>
    <B2.png/>
    <EI.png/>
    <CZ.png/>
    <EY.png/>
    <F7.png/>
    <FI.png/>
    <G3.png/>
    <GA.png/>
    <HX.png/>
    <HG.png/>
    <HM.png/>
    <JU.png/>
    <KE.png/>
    <KL.png/>
    <KM.png/>
    <KQ.png/>
    <ME.png/>
    <MS.png/>
    <OZ.png/>
    <NH.png/>
    <NZ.png/>
    <PK.png/>
    <PG.png/>
    <PR.png/>
    <PW.png/>
    <S2.png/>
    <SK.png/>
    <SN.png/>
    <SA.png/>
    <S7.png/>
    <UL.png/>
    <VN.png/>
    <TP.png/>
    <WY.png/>
    <VA.png/>
</jcr:root>
